Time since reset, Log Time, Air Temp, Inlet Depth, Throat Depth, Submergence, Flow Rate, Accumulated Flow
23315, 6/24/2015 19:33:30,75.09,0.95,-1.10,0.00,0.00,0.00
921143, 6/24/2015 19:48:28,73.74,4.45,3.96,0.89,0.18,0.00
1821248, 6/24/2015 20:3:29,73.06,5.07,4.36,0.86,0.25,0.01
2721331, 6/24/2015 20:18:29,72.16,5.56,5.28,0.95,0.19,0.01
3621426, 6/24/2015 20:33:29,69.57,6.10,5.72,0.94,0.23,0.02
4521503, 6/24/2015 20:48:30,66.99,6.52,6.14,0.94,0.25,0.02
5421591, 6/24/2015 21:3:30,65.97,6.96,6.55,0.94,0.28,0.03
6321686, 6/24/2015 21:18:30,64.85,7.15,6.51,0.91,0.35,0.04
7221783, 6/24/2015 21:33:30,64.51,7.38,6.59,0.89,0.39,0.04
8121850, 6/24/2015 21:48:31,64.06,7.53,7.33,0.97,0.22,0.05
9021934, 6/24/2015 22:3:31,63.84,7.53,7.05,0.94,0.33,0.06
9921894, 6/24/2015 22:18:31,62.38,7.59,31.06,0.94,0.00,0.06
10822119, 6/24/2015 22:33:32,62.04,7.74,31.06,0.94,0.00,0.06
11722329, 6/24/2015 22:48:32,61.36,7.74,31.06,0.94,0.00,0.06
12622554, 6/24/2015 23:3:32,60.91,7.84,31.06,0.94,0.00,0.06
13525151, 6/24/2015 23:18:35,61.25,7.94,31.06,0.94,0.00,0.06
14422885, 6/24/2015 23:33:33,59.45,7.85,31.06,0.94,0.00,0.06
15323095, 6/24/2015 23:48:33,59.00,7.87,31.06,0.94,0.00,0.06
16223320, 6/25/2015 0:3:34,58.33,7.89,31.06,0.94,0.00,0.06
17123528, 6/25/2015 0:18:34,57.76,7.90,31.06,0.94,0.00,0.06
18023753, 6/25/2015 0:33:34,58.10,7.89,31.06,0.94,0.00,0.06
18923963, 6/25/2015 0:48:35,56.64,7.90,31.06,0.94,0.00,0.06
19824188, 6/25/2015 1:3:35,56.75,7.86,31.06,0.94,0.00,0.06
20724397, 6/25/2015 1:18:35,56.75,7.92,31.06,0.94,0.00,0.06
21624643, 6/25/2015 1:33:36,56.64,7.97,31.06,0.94,0.00,0.06
22524853, 6/25/2015 1:48:36,56.53,7.85,31.06,0.94,0.00,0.06
23425078, 6/25/2015 2:3:37,54.95,7.94,31.06,0.94,0.00,0.06
24325287, 6/25/2015 2:18:37,55.63,7.87,31.06,0.94,0.00,0.06
25225522, 6/25/2015 2:33:37,55.51,7.90,31.06,0.94,0.00,0.06
26125731, 6/25/2015 2:48:38,54.84,7.85,31.06,0.94,0.00,0.06
27025956, 6/25/2015 3:3:38,54.61,7.81,31.06,0.94,0.00,0.06
27926167, 6/25/2015 3:18:38,54.84,7.86,31.06,0.94,0.00,0.06
28826392, 6/25/2015 3:33:39,54.72,7.82,31.06,0.94,0.00,0.06
29726613, 6/25/2015 3:48:39,54.72,7.85,31.06,0.94,0.00,0.06
30626838, 6/25/2015 4:3:39,54.28,7.82,31.06,0.94,0.00,0.06
31527048, 6/25/2015 4:18:40,54.05,7.82,31.06,0.94,0.00,0.06
32427274, 6/25/2015 4:33:40,53.49,7.82,31.06,0.94,0.00,0.06
33327483, 6/25/2015 4:48:40,53.15,7.88,31.06,0.94,0.00,0.06
34227708, 6/25/2015 5:3:41,53.38,7.84,31.06,0.94,0.00,0.06
35127918, 6/25/2015 5:18:41,53.71,7.85,31.06,0.94,0.00,0.06
36028143, 6/25/2015 5:33:41,52.47,7.87,31.06,0.94,0.00,0.06
36928376, 6/25/2015 5:48:42,53.49,7.84,31.06,0.94,0.00,0.06
37828601, 6/25/2015 6:3:42,58.66,7.76,31.06,0.94,0.00,0.06
38728811, 6/25/2015 6:18:42,57.76,7.82,31.06,0.94,0.00,0.06
39629035, 6/25/2015 6:33:43,60.13,7.82,31.06,0.94,0.00,0.06
40529245, 6/25/2015 6:48:43,60.35,7.88,31.06,0.94,0.00,0.06
41429469, 6/25/2015 7:3:44,61.14,7.89,31.06,0.94,0.00,0.06
42329688, 6/25/2015 7:18:44,62.49,7.90,31.06,0.94,0.00,0.06
43230017, 6/25/2015 7:33:45,64.18,7.89,7.66,0.97,0.25,0.06
44130093, 6/25/2015 7:48:46,65.41,7.92,7.54,0.95,0.31,0.07
45030172, 6/25/2015 8:3:46,66.54,7.82,7.69,0.98,0.19,0.07
45930235, 6/25/2015 8:18:47,68.90,7.86,7.57,0.96,0.28,0.08
46830316, 6/25/2015 8:33:47,68.90,7.89,7.30,0.92,0.38,0.08
47730382, 6/25/2015 8:48:48,70.14,7.75,7.13,0.92,0.38,0.09
48630464, 6/25/2015 9:3:48,70.47,7.72,6.87,0.89,0.43,0.10
49530530, 6/25/2015 9:18:49,71.04,7.76,7.06,0.91,0.40,0.11
50430612, 6/25/2015 9:33:49,71.26,7.76,7.09,0.91,0.39,0.12
51330677, 6/25/2015 9:48:50,71.82,7.74,7.25,0.94,0.34,0.12
52230779, 6/25/2015 10:3:50,72.61,7.74,7.28,0.94,0.33,0.13
53130845, 6/25/2015 10:18:51,73.85,7.74,7.29,0.94,0.33,0.14
54030924, 6/25/2015 10:33:51,74.07,7.75,7.33,0.95,0.32,0.14
54930989, 6/25/2015 10:48:52,75.43,7.76,7.34,0.95,0.32,0.15
55831064, 6/25/2015 11:3:52,75.54,7.75,7.93,0.95,0.00,0.15
56731128, 6/25/2015 11:18:52,77.11,7.72,7.30,0.95,0.32,0.16
57631204, 6/25/2015 11:33:53,78.80,7.72,7.78,0.95,0.00,0.16
58531264, 6/25/2015 11:48:53,78.91,7.72,7.86,0.95,0.00,0.16
59431364, 6/25/2015 12:3:54,79.81,7.71,7.18,0.93,0.35,0.16
60331428, 6/25/2015 12:18:54,80.94,7.67,7.15,0.93,0.34,0.17
61231504, 6/25/2015 12:33:55,81.39,7.72,7.77,0.93,0.00,0.17
62131564, 6/25/2015 12:48:55,81.72,7.70,7.77,0.93,0.00,0.17
63031640, 6/25/2015 13:3:56,81.95,7.72,7.80,0.93,0.00,0.17
63931700, 6/25/2015 13:18:56,82.51,7.63,7.75,0.93,0.00,0.17
64831775, 6/25/2015 13:33:56,83.86,7.62,7.76,0.93,0.00,0.17
65731835, 6/25/2015 13:48:57,83.64,7.71,7.78,0.93,0.00,0.17
66631910, 6/25/2015 14:3:57,83.52,7.69,7.71,0.93,0.00,0.17
67531993, 6/25/2015 14:18:58,83.19,7.67,7.76,0.93,0.00,0.17
68432068, 6/25/2015 14:33:58,83.19,7.65,7.75,0.93,0.00,0.17
69332128, 6/25/2015 14:48:58,83.64,7.68,7.75,0.93,0.00,0.17
70232204, 6/25/2015 15:3:59,84.20,7.66,7.75,0.93,0.00,0.17
71132263, 6/25/2015 15:18:59,83.97,7.68,7.79,0.93,0.00,0.17
72032338, 6/25/2015 15:34:0,84.31,7.68,7.72,0.93,0.00,0.17
72932399, 6/25/2015 15:49:0,83.75,7.65,7.79,0.93,0.00,0.17
73832473, 6/25/2015 16:4:0,83.30,7.69,7.77,0.93,0.00,0.17
74732545, 6/25/2015 16:19:1,83.64,7.66,7.78,0.93,0.00,0.17
75632620, 6/25/2015 16:34:1,84.09,7.67,7.70,0.93,0.00,0.17
76532680, 6/25/2015 16:49:2,84.09,7.65,7.70,0.93,0.00,0.17
77432765, 6/25/2015 17:4:2,83.64,7.63,7.70,0.93,0.00,0.17
78332826, 6/25/2015 17:19:2,83.64,7.61,7.64,0.93,0.00,0.17
79232903, 6/25/2015 17:34:3,84.31,7.60,7.59,1.00,0.06,0.17
80132964, 6/25/2015 17:49:3,84.65,7.56,7.65,1.00,0.00,0.17
81033039, 6/25/2015 18:4:3,84.54,7.57,7.58,1.00,0.00,0.17
81933101, 6/25/2015 18:19:4,85.10,7.55,7.55,1.00,0.00,0.17
82833209, 6/25/2015 18:34:4,84.43,7.54,7.58,1.00,0.00,0.17
83733271, 6/25/2015 18:49:5,83.97,7.59,7.58,1.00,0.06,0.17
84633348, 6/25/2015 19:4:5,84.20,7.57,7.60,1.00,0.00,0.17
85533411, 6/25/2015 19:19:5,85.10,7.54,7.49,0.99,0.12,0.18
86433488, 6/25/2015 19:34:6,84.31,7.45,7.54,0.99,0.00,0.18
87333551, 6/25/2015 19:49:6,83.30,7.51,7.53,0.99,0.00,0.18
88233629, 6/25/2015 20:4:7,81.05,7.58,7.51,0.99,0.14,0.18
89133696, 6/25/2015 20:19:7,79.14,7.56,6.91,0.91,0.37,0.19
90033789, 6/25/2015 20:34:7,78.35,7.61,6.94,0.91,0.38,0.19
90933856, 6/25/2015 20:49:8,77.90,7.57,6.91,0.91,0.37,0.20
91833939, 6/25/2015 21:4:8,74.64,7.49,6.74,0.90,0.39,0.21
92734008, 6/25/2015 21:19:8,73.51,7.52,6.88,0.91,0.37,0.22
93634089, 6/25/2015 21:34:9,72.61,7.71,7.10,0.92,0.37,0.23
94534157, 6/25/2015 21:49:9,77.11,7.61,6.79,0.89,0.41,0.23
95434249, 6/25/2015 22:4:9,71.26,7.53,7.27,0.97,0.25,0.24
96334316, 6/25/2015 22:19:10,70.02,7.46,7.39,0.99,0.13,0.24
97234399, 6/25/2015 22:34:10,69.46,7.54,7.26,0.96,0.26,0.25
98134491, 6/25/2015 22:49:10,68.90,7.43,7.08,0.95,0.28,0.25
99034575, 6/25/2015 23:4:11,68.11,7.38,6.89,0.93,0.32,0.26
99934646, 6/25/2015 23:19:11,66.09,7.47,6.74,0.90,0.39,0.27
100834733, 6/25/2015 23:34:11,65.64,7.32,6.71,0.92,0.35,0.28
101734803, 6/25/2015 23:49:11,65.19,7.35,6.88,0.94,0.32,0.28
102634870, 6/26/2015 0:4:12,64.74,7.42,10.92,0.94,0.00,0.28
103534942, 6/26/2015 0:19:12,64.40,7.36,6.67,0.91,0.37,0.29
104434961, 6/26/2015 0:34:12,63.95,7.41,21.54,0.91,0.00,0.29
105335004, 6/26/2015 0:49:12,63.84,7.33,15.76,0.91,0.00,0.29
106234980, 6/26/2015 1:4:12,63.28,7.41,31.06,0.91,0.00,0.29
107135192, 6/26/2015 1:19:13,62.94,7.42,31.06,0.91,0.00,0.29
108035526, 6/26/2015 1:34:13,67.44,7.42,6.91,0.93,0.33,0.30
108935598, 6/26/2015 1:49:14,64.62,7.54,6.71,0.89,0.41,0.30
109835682, 6/26/2015 2:4:14,63.84,7.43,7.03,0.95,0.29,0.31
110735643, 6/26/2015 2:19:14,63.72,7.37,31.06,0.95,0.00,0.31
111637064, 6/26/2015 2:34:16,63.50,7.43,31.06,0.95,0.00,0.31
112536026, 6/26/2015 2:49:15,62.49,7.39,31.06,0.95,0.00,0.31
113436275, 6/26/2015 3:4:15,61.93,7.50,31.06,0.95,0.00,0.31
114336496, 6/26/2015 3:19:16,61.47,7.49,31.06,0.95,0.00,0.31
115237917, 6/26/2015 3:34:17,62.38,7.47,31.06,0.95,0.00,0.31
116136879, 6/26/2015 3:49:16,61.03,7.34,31.06,0.95,0.00,0.31
117037106, 6/26/2015 4:4:17,59.68,7.35,31.06,0.95,0.00,0.31
117937317, 6/26/2015 4:19:17,59.45,7.43,31.06,0.95,0.00,0.31
118839933, 6/26/2015 4:34:20,59.34,7.38,31.06,0.95,0.00,0.31
119737645, 6/26/2015 4:49:18,58.78,7.35,31.06,0.95,0.00,0.31
120637884, 6/26/2015 5:4:18,57.99,7.37,31.06,0.95,0.00,0.31
121538097, 6/26/2015 5:19:19,57.54,7.34,31.06,0.95,0.00,0.31
122438324, 6/26/2015 5:34:19,58.33,7.46,31.06,0.95,0.00,0.31
123338535, 6/26/2015 5:49:19,58.66,7.42,31.06,0.95,0.00,0.31
124238764, 6/26/2015 6:4:20,61.03,7.26,31.06,0.95,0.00,0.31
125138975, 6/26/2015 6:19:20,62.60,7.29,31.06,0.95,0.00,0.31
126039202, 6/26/2015 6:34:21,62.83,7.38,31.06,0.95,0.00,0.31
126939414, 6/26/2015 6:49:21,63.16,7.40,31.06,0.95,0.00,0.31
127839761, 6/26/2015 7:4:22,64.85,7.36,7.35,1.00,0.06,0.31
128739841, 6/26/2015 7:19:22,66.09,7.43,7.08,0.95,0.28,0.32
129639925, 6/26/2015 7:34:23,68.00,7.40,7.07,0.96,0.27,0.32
130539994, 6/26/2015 7:49:23,69.46,7.46,6.90,0.93,0.34,0.33
131440079, 6/26/2015 8:4:24,71.37,7.40,6.71,0.91,0.37,0.34
132340158, 6/26/2015 8:19:24,72.72,7.48,6.60,0.88,0.42,0.35
133240244, 6/26/2015 8:34:25,74.07,7.38,6.59,0.89,0.39,0.36
134140313, 6/26/2015 8:49:25,74.64,7.41,6.54,0.88,0.41,0.36
135040398, 6/26/2015 9:4:26,75.76,7.41,6.62,0.89,0.40,0.37
135940476, 6/26/2015 9:19:26,76.44,7.37,7.33,0.99,0.10,0.37
136840559, 6/26/2015 9:34:27,76.89,7.42,6.87,0.92,0.34,0.38
137740624, 6/26/2015 9:49:27,77.56,7.44,7.41,1.00,0.09,0.38
138640705, 6/26/2015 10:4:28,78.57,7.45,7.43,1.00,0.09,0.38
139540769, 6/26/2015 10:19:28,79.36,7.45,7.42,1.00,0.09,0.39
140440849, 6/26/2015 10:34:29,80.15,7.39,7.39,1.00,0.00,0.39
141340914, 6/26/2015 10:49:29,81.05,7.41,7.40,1.00,0.06,0.39
142240993, 6/26/2015 11:4:30,81.95,7.38,7.42,1.00,0.00,0.39
143141070, 6/26/2015 11:19:30,82.85,7.43,7.30,0.98,0.17,0.39
144041161, 6/26/2015 11:34:31,84.20,7.35,7.26,0.99,0.15,0.39
144941227, 6/26/2015 11:49:31,85.66,7.38,7.28,0.99,0.15,0.40
145841305, 6/26/2015 12:4:32,85.89,7.32,7.36,0.99,0.00,0.40
146741368, 6/26/2015 12:19:32,86.90,7.27,7.38,0.99,0.00,0.40
147641447, 6/26/2015 12:34:33,87.57,7.31,7.35,0.99,0.00,0.40
148541510, 6/26/2015 12:49:33,88.14,7.27,7.33,0.99,0.00,0.40
149441588, 6/26/2015 13:4:33,89.49,7.23,7.37,0.99,0.00,0.40
150341662, 6/26/2015 13:19:34,90.39,7.34,7.39,0.99,0.00,0.40
151241750, 6/26/2015 13:34:34,90.27,7.31,7.33,0.99,0.00,0.40
152141813, 6/26/2015 13:49:35,91.40,7.34,7.32,1.00,0.09,0.40
153041893, 6/26/2015 14:4:35,90.72,7.33,7.21,0.98,0.17,0.40
153941957, 6/26/2015 14:19:36,89.60,7.31,7.27,0.99,0.10,0.41
154842036, 6/26/2015 14:34:36,90.39,7.23,7.28,0.99,0.00,0.41
155742098, 6/26/2015 14:49:37,91.18,7.31,7.45,0.99,0.00,0.41
156642176, 6/26/2015 15:4:37,92.19,7.26,7.31,0.99,0.00,0.41
157542240, 6/26/2015 15:19:38,90.05,7.24,7.24,0.99,0.00,0.41
158442331, 6/26/2015 15:34:38,88.93,7.21,7.23,0.99,0.00,0.41
159342406, 6/26/2015 15:49:39,90.72,7.30,7.28,1.00,0.09,0.41
160242486, 6/26/2015 16:4:39,90.39,7.23,7.19,0.99,0.10,0.41
161142551, 6/26/2015 16:19:39,91.06,7.18,7.12,0.99,0.13,0.41
162042632, 6/26/2015 16:34:40,90.05,7.25,7.14,0.98,0.16,0.41
162942696, 6/26/2015 16:49:40,89.94,7.29,7.21,0.99,0.14,0.42
163842775, 6/26/2015 17:4:41,89.60,7.25,7.25,0.99,0.00,0.42
164742840, 6/26/2015 17:19:41,88.70,7.21,7.16,0.99,0.12,0.42
165642931, 6/26/2015 17:34:41,89.26,7.25,7.27,0.99,0.00,0.42
166542997, 6/26/2015 17:49:42,89.37,7.18,7.04,0.98,0.18,0.42
167443079, 6/26/2015 18:4:42,87.46,7.03,6.95,0.99,0.14,0.43
168343143, 6/26/2015 18:19:43,88.14,7.35,7.29,0.99,0.12,0.43
169243250, 6/26/2015 18:34:43,87.12,7.30,7.19,0.98,0.16,0.43
170143314, 6/26/2015 18:49:44,86.45,7.25,7.28,0.98,0.00,0.43
171043393, 6/26/2015 19:4:44,87.12,7.26,7.29,0.98,0.00,0.43
171943461, 6/26/2015 19:19:44,80.37,7.25,6.81,0.94,0.30,0.44
172843557, 6/26/2015 19:34:45,78.46,7.27,6.87,0.95,0.29,0.44
173743625, 6/26/2015 19:49:45,80.82,7.31,6.86,0.94,0.31,0.45
174643720, 6/26/2015 20:4:45,82.62,7.36,6.70,0.91,0.36,0.46
175543788, 6/26/2015 20:19:46,80.94,7.36,6.74,0.92,0.35,0.47
176443871, 6/26/2015 20:34:46,79.93,7.36,6.90,0.94,0.31,0.47
177343938, 6/26/2015 20:49:47,77.56,7.35,6.92,0.94,0.30,0.48
178244022, 6/26/2015 21:4:47,76.32,7.36,6.92,0.94,0.30,0.48
179144090, 6/26/2015 21:19:47,75.09,7.37,6.96,0.94,0.30,0.49
180044174, 6/26/2015 21:34:48,75.31,7.35,6.79,0.92,0.34,0.50
180944254, 6/26/2015 21:49:48,74.52,7.37,6.97,0.95,0.29,0.50
181844338, 6/26/2015 22:4:48,73.96,7.42,6.85,0.92,0.35,0.51
182744407, 6/26/2015 22:19:49,73.74,7.37,6.91,0.94,0.31,0.52
183644493, 6/26/2015 22:34:49,71.49,7.32,6.65,0.91,0.36,0.53
184544565, 6/26/2015 22:49:49,70.36,7.23,6.56,0.91,0.36,0.53
185444652, 6/26/2015 23:4:50,68.68,7.33,6.49,0.89,0.40,0.54
186344723, 6/26/2015 23:19:50,70.25,7.32,6.61,0.90,0.37,0.55
187244810, 6/26/2015 23:34:50,68.79,7.30,6.45,0.88,0.40,0.56
188144904, 6/26/2015 23:49:51,69.91,7.26,6.55,0.90,0.37,0.56
189044990, 6/27/2015 0:4:51,69.57,7.21,6.53,0.91,0.36,0.57
189945074, 6/27/2015 0:19:51,69.57,7.14,6.55,0.92,0.34,0.58
190845161, 6/27/2015 0:34:51,69.01,7.25,6.53,0.90,0.37,0.59
191745232, 6/27/2015 0:49:52,70.25,7.33,6.55,0.89,0.39,0.59
192645319, 6/27/2015 1:4:52,69.91,7.33,6.49,0.89,0.40,0.60
193545391, 6/27/2015 1:19:52,69.12,7.32,6.56,0.90,0.38,0.61
194445475, 6/27/2015 1:34:53,69.01,7.24,7.02,0.97,0.22,0.62
195345558, 6/27/2015 1:49:53,66.76,7.22,7.05,0.98,0.20,0.62
196245644, 6/27/2015 2:4:53,66.54,7.24,6.94,0.96,0.25,0.62
197145714, 6/27/2015 2:19:54,63.95,7.23,7.03,0.97,0.21,0.63
198045801, 6/27/2015 2:34:54,65.19,7.17,6.75,0.94,0.29,0.63
198945872, 6/27/2015 2:49:54,63.95,7.19,7.03,0.98,0.19,0.64
199845850, 6/27/2015 3:4:54,63.84,7.17,31.06,0.98,0.00,0.64
200746062, 6/27/2015 3:19:55,63.28,7.21,31.06,0.98,0.00,0.64
201646290, 6/27/2015 3:34:55,63.28,7.17,31.06,0.98,0.00,0.64
202546503, 6/27/2015 3:49:56,63.16,7.20,31.06,0.98,0.00,0.64
203446744, 6/27/2015 4:4:56,62.60,7.13,31.06,0.98,0.00,0.64
204346956, 6/27/2015 4:19:56,61.93,7.09,31.06,0.98,0.00,0.64
205248390, 6/27/2015 4:34:58,62.26,7.17,31.06,0.98,0.00,0.64
206147361, 6/27/2015 4:49:57,61.93,7.13,31.06,0.98,0.00,0.64
207048783, 6/27/2015 5:4:59,61.93,7.16,31.06,0.98,0.00,0.64
207947746, 6/27/2015 5:19:58,61.70,7.15,31.06,0.98,0.00,0.64
208847975, 6/27/2015 5:34:58,61.70,7.00,31.06,0.98,0.00,0.64
209748188, 6/27/2015 5:49:59,61.93,7.08,31.06,0.98,0.00,0.64
210648428, 6/27/2015 6:4:59,64.06,7.14,31.06,0.98,0.00,0.64
211548641, 6/27/2015 6:20:0,63.84,7.10,31.06,0.98,0.00,0.64
212448977, 6/27/2015 6:35:0,64.85,7.23,6.80,0.94,0.30,0.64
213349048, 6/27/2015 6:50:0,66.99,7.23,6.97,0.96,0.24,0.65
214249134, 6/27/2015 7:5:1,66.43,7.26,7.04,0.97,0.22,0.65
215149203, 6/27/2015 7:20:1,66.20,7.25,7.14,0.99,0.16,0.66
216049290, 6/27/2015 7:35:2,68.56,7.28,6.57,0.90,0.37,0.67
216949362, 6/27/2015 7:50:2,69.35,7.16,6.51,0.91,0.35,0.67
217849460, 6/27/2015 8:5:2,70.93,7.21,6.54,0.91,0.36,0.68
218749531, 6/27/2015 8:20:3,73.29,7.33,6.70,0.91,0.35,0.69
219649614, 6/27/2015 8:35:3,73.62,7.32,6.89,0.94,0.30,0.69
220549694, 6/27/2015 8:50:4,72.95,7.32,6.97,0.95,0.28,0.70
221449777, 6/27/2015 9:5:4,73.96,7.45,6.96,0.93,0.32,0.71
222349844, 6/27/2015 9:20:4,74.52,7.42,7.11,0.96,0.27,0.71
223249928, 6/27/2015 9:35:5,75.43,7.35,6.99,0.95,0.28,0.72
224149996, 6/27/2015 9:50:5,75.99,7.34,6.82,0.93,0.33,0.72
225050089, 6/27/2015 10:5:6,77.79,7.38,6.89,0.93,0.32,0.73
225950170, 6/27/2015 10:20:6,79.02,7.33,6.80,0.93,0.33,0.74
226850253, 6/27/2015 10:35:7,78.69,7.33,6.59,0.90,0.38,0.75
227750323, 6/27/2015 10:50:7,78.35,7.34,6.65,0.91,0.37,0.75
228650407, 6/27/2015 11:5:8,81.27,7.24,6.43,0.89,0.39,0.76
229550474, 6/27/2015 11:20:8,83.19,7.20,7.19,1.00,0.06,0.76
230450557, 6/27/2015 11:35:9,83.97,7.19,6.44,0.90,0.38,0.77
231350624, 6/27/2015 11:50:9,85.89,7.21,7.08,0.98,0.17,0.77
232250705, 6/27/2015 12:5:10,85.89,7.19,7.05,0.98,0.18,0.78
233150783, 6/27/2015 12:20:10,86.11,7.27,7.10,0.98,0.19,0.78
234050864, 6/27/2015 12:35:11,85.89,7.11,7.21,0.98,0.00,0.78
234950929, 6/27/2015 12:50:11,86.34,7.26,7.24,1.00,0.08,0.78
235851020, 6/27/2015 13:5:12,87.46,7.16,7.17,1.00,0.00,0.78
236751083, 6/27/2015 13:20:12,87.24,7.19,7.30,1.00,0.00,0.78
237651163, 6/27/2015 13:35:13,89.04,7.24,7.27,1.00,0.00,0.78
238551226, 6/27/2015 13:50:13,88.70,7.20,7.21,1.00,0.00,0.78
239451305, 6/27/2015 14:5:13,88.81,7.21,7.24,1.00,0.00,0.78
240351370, 6/27/2015 14:20:14,89.04,7.16,7.20,1.00,0.00,0.78
241251459, 6/27/2015 14:35:14,89.15,7.23,7.24,1.00,0.00,0.78
242151523, 6/27/2015 14:50:15,88.70,7.14,7.16,1.00,0.00,0.78
243051613, 6/27/2015 15:5:15,88.70,7.07,7.10,1.00,0.00,0.78
243951677, 6/27/2015 15:20:16,87.57,7.18,7.28,1.00,0.00,0.78
244851759, 6/27/2015 15:35:16,88.93,7.11,7.10,1.00,0.06,0.78
245751823, 6/27/2015 15:50:17,88.02,7.16,7.16,1.00,0.00,0.78
246651902, 6/27/2015 16:5:17,87.91,7.19,7.23,1.00,0.00,0.78
247551967, 6/27/2015 16:20:18,89.37,7.13,7.18,1.00,0.00,0.78
248452060, 6/27/2015 16:35:18,87.24,7.11,7.11,1.00,0.00,0.78
249352124, 6/27/2015 16:50:18,87.57,7.06,7.14,1.00,0.00,0.78
250252205, 6/27/2015 17:5:19,87.57,7.08,7.11,1.00,0.00,0.78
251152272, 6/27/2015 17:20:19,87.12,7.08,7.01,0.99,0.13,0.79
252052365, 6/27/2015 17:35:20,87.01,7.06,6.97,0.99,0.14,0.79
252952432, 6/27/2015 17:50:20,87.69,7.00,6.94,0.99,0.11,0.79
253852513, 6/27/2015 18:5:20,88.59,7.05,7.09,0.99,0.00,0.79
254752578, 6/27/2015 18:20:21,87.24,7.07,7.15,0.99,0.00,0.79
255652671, 6/27/2015 18:35:21,86.00,7.04,7.11,0.99,0.00,0.79
256552740, 6/27/2015 18:50:22,84.09,7.04,6.37,0.90,0.35,0.80
257452825, 6/27/2015 19:5:22,84.20,7.04,6.53,0.93,0.31,0.81
258352897, 6/27/2015 19:20:22,81.84,7.02,6.33,0.90,0.35,0.81
259252982, 6/27/2015 19:35:23,82.62,7.12,6.27,0.88,0.39,0.82
260153055, 6/27/2015 19:50:23,81.16,7.01,6.25,0.89,0.37,0.83
261053142, 6/27/2015 20:5:24,79.93,7.07,6.26,0.89,0.38,0.84
261953222, 6/27/2015 20:20:24,78.01,7.06,6.48,0.92,0.33,0.84
262853309, 6/27/2015 20:35:24,77.11,7.09,6.46,0.91,0.34,0.85
263753393, 6/27/2015 20:50:25,76.32,7.08,6.32,0.89,0.37,0.86
264653480, 6/27/2015 21:5:25,75.09,7.00,6.23,0.89,0.37,0.87
265553554, 6/27/2015 21:20:25,74.30,7.02,6.33,0.90,0.35,0.87
266453642, 6/27/2015 21:35:26,73.62,7.05,6.34,0.90,0.36,0.88
267353724, 6/27/2015 21:50:26,72.72,7.00,6.66,0.95,0.26,0.89
268253811, 6/27/2015 22:5:26,71.60,7.02,6.72,0.96,0.24,0.89
269153883, 6/27/2015 22:20:27,70.14,7.05,6.86,0.97,0.20,0.89
270053969, 6/27/2015 22:35:27,71.37,7.13,6.63,0.93,0.31,0.90
270954053, 6/27/2015 22:50:27,70.70,7.12,6.73,0.94,0.28,0.91
271854140, 6/27/2015 23:5:28,70.70,7.10,6.66,0.94,0.30,0.91
272754213, 6/27/2015 23:20:28,70.36,6.95,6.46,0.93,0.30,0.92
273654300, 6/27/2015 23:35:28,71.71,7.09,6.48,0.91,0.34,0.93
274554374, 6/27/2015 23:50:29,71.60,7.07,6.35,0.90,0.36,0.93
275454464, 6/28/2015 0:5:29,70.70,6.97,6.21,0.89,0.36,0.94
276354538, 6/28/2015 0:20:29,69.12,6.97,6.21,0.89,0.36,0.95
277254627, 6/28/2015 0:35:30,68.90,6.89,6.52,0.95,0.26,0.95
278154712, 6/28/2015 0:50:30,68.90,6.94,6.59,0.95,0.26,0.96
279054799, 6/28/2015 1:5:30,66.43,6.95,6.72,0.97,0.22,0.96
279954883, 6/28/2015 1:20:30,67.44,6.90,6.60,0.96,0.24,0.97
280854971, 6/28/2015 1:35:31,68.22,6.92,6.65,0.96,0.23,0.97
281755045, 6/28/2015 1:50:31,67.32,6.87,6.51,0.95,0.26,0.98
282655147, 6/28/2015 2:5:31,67.21,6.89,6.39,0.93,0.30,0.98
283555221, 6/28/2015 2:20:32,67.10,6.88,6.32,0.92,0.31,0.99
284455312, 6/28/2015 2:35:32,67.44,6.75,6.22,0.92,0.30,1.00
285355388, 6/28/2015 2:50:32,66.76,6.76,6.14,0.91,0.32,1.00
286255492, 6/28/2015 3:5:33,65.64,6.75,6.17,0.91,0.31,1.01
287155569, 6/28/2015 3:20:33,65.41,6.71,6.07,0.90,0.33,1.02
288055604, 6/28/2015 3:35:33,64.29,6.70,18.68,0.90,0.00,1.02
288955569, 6/28/2015 3:50:33,64.51,6.74,31.06,0.90,0.00,1.02
289855798, 6/28/2015 4:5:34,63.61,6.73,31.06,0.90,0.00,1.02
290756013, 6/28/2015 4:20:34,61.93,6.76,31.06,0.90,0.00,1.02
291656243, 6/28/2015 4:35:34,61.93,6.76,31.06,0.90,0.00,1.02
292556457, 6/28/2015 4:50:35,59.79,6.81,31.06,0.90,0.00,1.02
293457905, 6/28/2015 5:5:36,59.68,6.84,31.06,0.90,0.00,1.02
294356869, 6/28/2015 5:20:36,61.81,6.72,31.06,0.90,0.00,1.02
295257099, 6/28/2015 5:35:36,61.36,6.81,31.06,0.90,0.00,1.02
296157313, 6/28/2015 5:50:36,61.25,6.80,31.06,0.90,0.00,1.02
297058737, 6/28/2015 6:5:38,63.16,6.74,31.06,0.90,0.00,1.02
297957808, 6/28/2015 6:20:37,63.39,6.75,9.66,0.90,0.00,1.02
298857909, 6/28/2015 6:35:38,63.05,6.80,6.38,0.94,0.27,1.02
299757985, 6/28/2015 6:50:38,63.50,6.77,6.19,0.91,0.31,1.03
300658088, 6/28/2015 7:5:38,62.71,6.83,6.40,0.94,0.28,1.04
301558164, 6/28/2015 7:20:38,62.60,6.79,6.42,0.94,0.26,1.04
302458256, 6/28/2015 7:35:39,65.75,6.83,6.14,0.90,0.34,1.05
303358331, 6/28/2015 7:50:39,68.68,6.81,6.08,0.89,0.35,1.06
304258422, 6/28/2015 8:5:40,71.26,6.75,5.97,0.88,0.36,1.06
305158498, 6/28/2015 8:20:40,70.47,6.84,6.04,0.88,0.36,1.07
306058589, 6/28/2015 8:35:40,71.37,6.80,6.03,0.89,0.36,1.08
306958664, 6/28/2015 8:50:41,71.60,6.70,6.09,0.91,0.32,1.08
307858755, 6/28/2015 9:5:41,71.82,6.77,6.05,0.89,0.34,1.09
308758842, 6/28/2015 9:20:42,73.85,6.79,6.16,0.91,0.33,1.10
309658932, 6/28/2015 9:35:42,74.97,6.76,6.16,0.91,0.32,1.10
310559004, 6/28/2015 9:50:43,77.45,6.84,6.29,0.92,0.31,1.11
311459093, 6/28/2015 10:5:43,77.79,6.80,6.13,0.90,0.34,1.12
312359166, 6/28/2015 10:20:43,77.56,6.80,6.19,0.91,0.32,1.12
313259266, 6/28/2015 10:35:44,79.02,6.84,6.35,0.93,0.30,1.13
314159338, 6/28/2015 10:50:44,78.57,6.85,6.33,0.92,0.30,1.14
315059427, 6/28/2015 11:5:45,81.61,6.82,6.19,0.91,0.33,1.14
315959511, 6/28/2015 11:20:45,80.94,6.91,6.31,0.91,0.33,1.15
316859608, 6/28/2015 11:35:46,79.81,6.87,6.40,0.93,0.29,1.16
317759680, 6/28/2015 11:50:46,78.91,6.87,6.27,0.91,0.32,1.16
318659767, 6/28/2015 12:5:47,78.35,6.87,6.46,0.94,0.28,1.17
319559838, 6/28/2015 12:20:47,78.01,6.98,6.59,0.95,0.27,1.17
320459924, 6/28/2015 12:35:47,79.59,6.88,6.53,0.95,0.26,1.18
321359996, 6/28/2015 12:50:48,78.46,6.91,6.47,0.94,0.28,1.19
322260083, 6/28/2015 13:5:48,79.02,6.95,6.42,0.92,0.31,1.19
323160167, 6/28/2015 13:20:49,79.93,7.00,6.30,0.90,0.35,1.20
324060254, 6/28/2015 13:35:49,81.50,6.95,6.20,0.89,0.36,1.21
324960326, 6/28/2015 13:50:49,80.60,6.90,6.20,0.90,0.35,1.21
325860415, 6/28/2015 14:5:50,80.82,6.90,6.17,0.89,0.35,1.22
326760487, 6/28/2015 14:20:50,80.37,6.87,6.15,0.90,0.35,1.23
327660575, 6/28/2015 14:35:51,80.37,6.91,6.17,0.89,0.36,1.24
328560659, 6/28/2015 14:50:51,81.05,6.91,6.25,0.90,0.34,1.24
329460746, 6/28/2015 15:5:52,82.29,6.92,6.29,0.91,0.33,1.25
330360816, 6/28/2015 15:20:52,82.62,6.91,6.39,0.92,0.31,1.26
331260915, 6/28/2015 15:35:52,82.62,6.91,6.35,0.92,0.32,1.26
332160986, 6/28/2015 15:50:53,82.51,6.94,6.49,0.93,0.29,1.27
333061071, 6/28/2015 16:5:53,82.18,7.00,6.48,0.93,0.31,1.27
333961144, 6/28/2015 16:20:54,82.85,6.95,6.16,0.89,0.37,1.28
334861231, 6/28/2015 16:35:54,82.40,6.90,6.13,0.89,0.36,1.29
335761312, 6/28/2015 16:50:54,81.84,6.94,6.42,0.93,0.31,1.30
336661397, 6/28/2015 17:5:55,81.61,7.10,6.55,0.92,0.32,1.30
337561467, 6/28/2015 17:20:55,83.07,7.05,6.42,0.91,0.34,1.31
338461565, 6/28/2015 17:35:56,82.85,7.01,6.37,0.91,0.34,1.32
339361637, 6/28/2015 17:50:56,82.29,6.93,6.40,0.92,0.31,1.32
340261722, 6/28/2015 18:5:56,81.95,7.02,6.60,0.94,0.29,1.33
341161791, 6/28/2015 18:20:57,83.64,7.02,6.47,0.92,0.32,1.34
342061877, 6/28/2015 18:35:57,83.86,7.01,6.48,0.93,0.31,1.34
342961947, 6/28/2015 18:50:58,83.41,7.00,6.45,0.92,0.32,1.35
343862044, 6/28/2015 19:5:58,82.85,7.00,6.48,0.93,0.31,1.36
344762114, 6/28/2015 19:20:58,83.07,7.06,6.58,0.93,0.30,1.36
345662211, 6/28/2015 19:35:59,82.06,7.01,6.55,0.94,0.29,1.37
346562282, 6/28/2015 19:50:59,79.81,7.00,6.41,0.92,0.33,1.37
347462369, 6/28/2015 20:6:0,77.68,7.02,6.47,0.92,0.32,1.38
348362439, 6/28/2015 20:21:0,77.11,7.05,6.53,0.93,0.31,1.39
349262526, 6/28/2015 20:36:0,75.31,7.04,6.58,0.93,0.30,1.39
350162597, 6/28/2015 20:51:1,74.41,7.10,6.65,0.94,0.30,1.40
351062684, 6/28/2015 21:6:1,72.72,7.02,6.56,0.93,0.30,1.41
351962757, 6/28/2015 21:21:1,72.72,7.04,6.54,0.93,0.31,1.41
352862844, 6/28/2015 21:36:2,71.71,6.99,6.48,0.93,0.31,1.42
353762956, 6/28/2015 21:51:2,70.81,6.98,6.36,0.91,0.34,1.43
354663046, 6/28/2015 22:6:2,71.15,6.94,6.23,0.90,0.35,1.43
355563119, 6/28/2015 22:21:3,70.14,6.83,6.39,0.93,0.28,1.44
356463208, 6/28/2015 22:36:3,69.80,6.87,6.66,0.97,0.20,1.44
357363280, 6/28/2015 22:51:3,69.35,6.93,6.63,0.96,0.24,1.45
358263368, 6/28/2015 23:6:3,69.24,6.95,6.65,0.96,0.24,1.45
359163453, 6/28/2015 23:21:4,68.34,6.89,6.63,0.96,0.22,1.46
360063543, 6/28/2015 23:36:4,66.87,6.80,6.52,0.96,0.23,1.46
360963629, 6/28/2015 23:51:4,67.55,6.88,6.65,0.97,0.21,1.47
361863719, 6/29/2015 0:6:5,66.09,6.77,6.16,0.91,0.32,1.47
362763796, 6/29/2015 0:21:5,65.64,6.71,6.13,0.91,0.31,1.48
363663888, 6/29/2015 0:36:5,65.97,6.80,6.07,0.89,0.35,1.49
364563965, 6/29/2015 0:51:6,63.95,6.74,6.13,0.91,0.32,1.49
365464057, 6/29/2015 1:6:6,65.30,6.72,6.14,0.91,0.31,1.50
366364133, 6/29/2015 1:21:6,64.96,6.75,6.25,0.93,0.29,1.51
367264224, 6/29/2015 1:36:6,65.75,6.76,6.21,0.92,0.31,1.51
368164299, 6/29/2015 1:51:7,65.41,6.84,6.42,0.94,0.28,1.52
369064413, 6/29/2015 2:6:7,64.18,6.74,6.38,0.95,0.26,1.52
369964488, 6/29/2015 2:21:7,64.51,6.86,6.33,0.92,0.31,1.53
370864579, 6/29/2015 2:36:8,64.18,6.80,6.46,0.95,0.25,1.53
371764617, 6/29/2015 2:51:8,63.05,6.76,14.67,0.95,0.00,1.53
372664719, 6/29/2015 3:6:8,63.84,6.67,6.23,0.93,0.28,1.54
373564684, 6/29/2015 3:21:8,63.28,6.60,31.06,0.93,0.00,1.54
374464925, 6/29/2015 3:36:9,62.04,6.55,31.06,0.93,0.00,1.54
375365141, 6/29/2015 3:51:9,61.36,6.61,31.06,0.93,0.00,1.54
376265383, 6/29/2015 4:6:9,58.78,6.62,31.06,0.93,0.00,1.54
377165599, 6/29/2015 4:21:10,60.24,6.64,31.06,0.93,0.00,1.54
378065829, 6/29/2015 4:36:10,59.56,6.64,31.06,0.93,0.00,1.54
378966045, 6/29/2015 4:51:11,59.34,6.59,31.06,0.93,0.00,1.54
379866276, 6/29/2015 5:6:11,58.66,6.61,31.06,0.93,0.00,1.54
380767686, 6/29/2015 5:21:13,57.88,6.68,31.06,0.93,0.00,1.54
381667861, 6/29/2015 5:36:13,58.10,6.62,31.06,0.93,0.00,1.54
382566827, 6/29/2015 5:51:12,56.53,6.60,31.06,0.93,0.00,1.54
383467070, 6/29/2015 6:6:12,56.41,6.58,31.06,0.93,0.00,1.54
384367286, 6/29/2015 6:21:13,57.09,6.59,31.06,0.93,0.00,1.54
385267517, 6/29/2015 6:36:13,55.96,6.70,31.06,0.93,0.00,1.54
386167733, 6/29/2015 6:51:13,59.00,6.56,31.06,0.93,0.00,1.54
387067963, 6/29/2015 7:6:14,60.91,6.62,31.06,0.93,0.00,1.54
387968179, 6/29/2015 7:21:14,63.50,6.56,31.06,0.93,0.00,1.54
388868520, 6/29/2015 7:36:15,64.74,6.50,6.38,0.98,0.15,1.54
389768598, 6/29/2015 7:51:16,66.09,6.51,6.21,0.95,0.23,1.55
390668711, 6/29/2015 8:6:16,67.66,6.54,6.19,0.95,0.24,1.55
391568800, 6/29/2015 8:21:16,69.80,6.58,6.10,0.93,0.28,1.56
392468891, 6/29/2015 8:36:17,72.16,6.54,6.07,0.93,0.28,1.56
393368968, 6/29/2015 8:51:17,73.62,6.49,6.09,0.94,0.26,1.57
394269059, 6/29/2015 9:6:18,74.97,6.56,6.07,0.93,0.28,1.58
395169134, 6/29/2015 9:21:18,75.76,6.52,6.01,0.92,0.29,1.58
396069226, 6/29/2015 9:36:19,76.66,6.46,5.82,0.90,0.31,1.59
396969303, 6/29/2015 9:51:19,77.90,6.51,5.91,0.91,0.31,1.59
397869394, 6/29/2015 10:6:20,77.45,6.48,5.69,0.88,0.34,1.60
398769484, 6/29/2015 10:21:20,79.14,6.42,5.69,0.89,0.32,1.61
399669575, 6/29/2015 10:36:21,78.91,6.48,5.79,0.89,0.32,1.62
400569653, 6/29/2015 10:51:21,80.49,6.47,5.65,0.87,0.34,1.62
401469746, 6/29/2015 11:6:22,81.16,6.38,5.49,0.86,0.35,1.63
402369822, 6/29/2015 11:21:22,82.29,6.44,5.53,0.86,0.36,1.64
403269911, 6/29/2015 11:36:23,83.97,6.38,6.26,0.98,0.15,1.64
404169986, 6/29/2015 11:51:23,83.86,6.37,6.24,0.98,0.16,1.64
405070074, 6/29/2015 12:6:24,84.54,6.34,6.29,0.99,0.10,1.65
405970173, 6/29/2015 12:21:24,85.32,6.37,5.61,0.88,0.33,1.65
406870264, 6/29/2015 12:36:25,85.10,6.40,5.67,0.89,0.32,1.66
407770342, 6/29/2015 12:51:25,84.87,6.35,5.64,0.89,0.32,1.67
408670430, 6/29/2015 13:6:26,86.11,6.35,6.31,0.99,0.09,1.67
409570513, 6/29/2015 13:21:26,86.00,6.32,6.30,1.00,0.07,1.67
410470601, 6/29/2015 13:36:27,88.70,6.30,6.25,0.99,0.10,1.67
411370675, 6/29/2015 13:51:27,88.14,6.37,6.20,0.97,0.17,1.67
412270761, 6/29/2015 14:6:28,87.24,6.32,6.32,0.97,0.00,1.67
413170835, 6/29/2015 14:21:28,87.12,6.41,6.38,1.00,0.07,1.68
414070935, 6/29/2015 14:36:28,84.87,6.35,6.34,1.00,0.05,1.68
414971008, 6/29/2015 14:51:29,85.55,6.31,6.31,1.00,0.00,1.68
415871096, 6/29/2015 15:6:29,86.56,6.32,6.27,0.99,0.10,1.68
416771170, 6/29/2015 15:21:30,85.44,6.25,6.21,0.99,0.09,1.68
417671260, 6/29/2015 15:36:30,86.00,6.27,6.19,0.99,0.12,1.68
418571337, 6/29/2015 15:51:31,84.99,6.21,5.62,0.90,0.29,1.69
419471430, 6/29/2015 16:6:31,85.32,6.22,5.46,0.88,0.32,1.70
420371508, 6/29/2015 16:21:31,84.76,6.19,5.58,0.90,0.29,1.70
421271624, 6/29/2015 16:36:32,85.21,6.22,5.37,0.86,0.33,1.71
422171702, 6/29/2015 16:51:32,84.20,6.13,5.53,0.90,0.29,1.71
423071795, 6/29/2015 17:6:33,84.76,6.20,5.57,0.90,0.30,1.72
423971872, 6/29/2015 17:21:33,83.86,6.13,5.50,0.90,0.29,1.73
424871966, 6/29/2015 17:36:33,84.09,6.12,5.57,0.91,0.27,1.73
425772045, 6/29/2015 17:51:34,83.75,6.10,5.39,0.88,0.30,1.74
426672140, 6/29/2015 18:6:34,83.52,6.04,5.35,0.89,0.30,1.74
427572229, 6/29/2015 18:21:35,83.52,6.07,5.45,0.90,0.29,1.75
428472334, 6/29/2015 18:36:35,83.19,6.07,5.57,0.92,0.26,1.76
429372412, 6/29/2015 18:51:35,82.51,6.10,5.50,0.90,0.28,1.76
430272506, 6/29/2015 19:6:36,82.29,6.07,5.55,0.91,0.27,1.77
431172585, 6/29/2015 19:21:36,82.29,6.00,5.59,0.93,0.24,1.77
432072679, 6/29/2015 19:36:36,82.51,5.99,5.60,0.93,0.23,1.78
432972759, 6/29/2015 19:51:37,82.06,5.96,5.62,0.94,0.22,1.78
433872855, 6/29/2015 20:6:37,79.81,5.94,5.40,0.91,0.26,1.79
434772934, 6/29/2015 20:21:38,78.24,5.95,5.48,0.92,0.25,1.79
435673031, 6/29/2015 20:36:38,76.77,6.00,5.29,0.88,0.30,1.80
436573136, 6/29/2015 20:51:38,75.76,5.99,5.38,0.90,0.28,1.80
437473232, 6/29/2015 21:6:39,74.75,5.91,5.39,0.91,0.26,1.81
438373315, 6/29/2015 21:21:39,74.19,5.99,5.30,0.88,0.30,1.82
439273412, 6/29/2015 21:36:39,72.72,6.00,5.39,0.90,0.28,1.82
440173495, 6/29/2015 21:51:40,72.16,6.01,5.27,0.88,0.31,1.83
441073592, 6/29/2015 22:6:40,71.60,6.00,5.39,0.90,0.28,1.83
441973675, 6/29/2015 22:21:40,69.91,5.97,5.39,0.90,0.27,1.84
442873772, 6/29/2015 22:36:41,70.93,5.97,5.49,0.92,0.25,1.84
443773865, 6/29/2015 22:51:41,70.14,5.97,5.55,0.93,0.24,1.85
444673964, 6/29/2015 23:6:41,70.14,5.93,5.45,0.92,0.25,1.85
445574046, 6/29/2015 23:21:42,68.79,6.01,5.51,0.92,0.26,1.86
446474153, 6/29/2015 23:36:42,67.44,5.99,5.56,0.93,0.24,1.86
447374235, 6/29/2015 23:51:42,67.89,6.03,5.55,0.92,0.26,1.87
448274333, 6/30/2015 0:6:43,67.89,5.86,5.56,0.95,0.20,1.87
449174417, 6/30/2015 0:21:43,66.99,5.83,5.49,0.94,0.21,1.88
450074516, 6/30/2015 0:36:43,67.10,5.84,5.34,0.91,0.25,1.88
450974622, 6/30/2015 0:51:44,65.75,5.82,5.55,0.95,0.19,1.89
451874663, 6/30/2015 1:6:44,65.52,5.96,18.23,0.95,0.00,1.89
452774748, 6/30/2015 1:21:44,64.18,5.76,5.36,0.93,0.23,1.89
453674731, 6/30/2015 1:36:44,64.51,5.75,31.06,0.93,0.00,1.89
454574951, 6/30/2015 1:51:45,64.06,5.72,31.06,0.93,0.00,1.89
455475184, 6/30/2015 2:6:45,64.06,5.79,31.06,0.93,0.00,1.89
456375403, 6/30/2015 2:21:45,63.05,5.82,31.06,0.93,0.00,1.89
457275637, 6/30/2015 2:36:46,62.26,5.81,31.06,0.93,0.00,1.89
458175856, 6/30/2015 2:51:46,62.38,5.75,31.06,0.93,0.00,1.89
459077297, 6/30/2015 3:6:48,61.25,5.78,31.06,0.93,0.00,1.89
459977459, 6/30/2015 3:21:48,61.14,5.77,31.06,0.93,0.00,1.89
460876443, 6/30/2015 3:36:47,60.24,5.91,31.06,0.93,0.00,1.89
461776662, 6/30/2015 3:51:48,59.45,5.82,31.06,0.93,0.00,1.89
462678090, 6/30/2015 4:6:49,60.01,5.76,31.06,0.93,0.00,1.89
463577059, 6/30/2015 4:21:48,60.01,5.84,31.06,0.93,0.00,1.89
464477303, 6/30/2015 4:36:49,60.35,5.75,31.06,0.93,0.00,1.89
465377523, 6/30/2015 4:51:49,60.69,5.71,31.06,0.93,0.00,1.89
466277781, 6/30/2015 5:6:50,59.00,5.75,31.06,0.93,0.00,1.89
467178000, 6/30/2015 5:21:50,59.79,5.82,31.06,0.93,0.00,1.89
468078234, 6/30/2015 5:36:50,59.00,5.78,31.06,0.93,0.00,1.89
468978454, 6/30/2015 5:51:51,59.34,5.77,31.06,0.93,0.00,1.89
469878687, 6/30/2015 6:6:51,65.30,5.75,31.06,0.93,0.00,1.89
470778906, 6/30/2015 6:21:52,67.21,5.71,31.06,0.93,0.00,1.89
471679139, 6/30/2015 6:36:52,64.06,5.88,31.06,0.93,0.00,1.89
472579403, 6/30/2015 6:51:53,65.97,5.84,20.98,0.93,0.00,1.89
473479514, 6/30/2015 7:6:53,65.86,5.94,5.49,0.92,0.24,1.90
474379596, 6/30/2015 7:21:54,66.31,6.01,5.63,0.94,0.23,1.90
475279693, 6/30/2015 7:36:54,67.21,5.97,5.62,0.94,0.22,1.91
476179774, 6/30/2015 7:51:54,69.69,5.98,5.68,0.95,0.21,1.91
477079872, 6/30/2015 8:6:55,71.37,5.96,5.42,0.91,0.27,1.92
477979955, 6/30/2015 8:21:55,73.51,5.90,5.34,0.91,0.27,1.92
478880051, 6/30/2015 8:36:56,74.97,6.01,5.30,0.88,0.30,1.93
479780132, 6/30/2015 8:51:56,77.22,5.96,5.26,0.88,0.29,1.93
480680229, 6/30/2015 9:6:57,75.31,5.98,5.24,0.88,0.30,1.94
481580352, 6/30/2015 9:21:57,75.87,6.04,5.06,0.84,0.34,1.95
482480460, 6/30/2015 9:36:58,76.55,6.00,5.14,0.86,0.32,1.95
483380552, 6/30/2015 9:51:58,77.22,5.98,5.13,0.86,0.32,1.96
484280648, 6/30/2015 10:6:59,77.68,6.03,5.25,0.87,0.31,1.97
485180729, 6/30/2015 10:21:59,78.91,6.01,5.25,0.87,0.31,1.97
486080824, 6/30/2015 10:37:0,79.70,6.02,5.57,0.93,0.25,1.98
486980902, 6/30/2015 10:52:0,80.71,6.06,5.54,0.91,0.27,1.98
487880997, 6/30/2015 11:7:1,81.50,6.02,5.35,0.89,0.29,1.99
488781089, 6/30/2015 11:22:1,83.07,6.06,5.40,0.89,0.29,2.00
489681179, 6/30/2015 11:37:2,83.64,6.05,6.05,0.89,0.00,2.00
490581259, 6/30/2015 11:52:2,84.54,6.06,5.27,0.87,0.31,2.00
491481350, 6/30/2015 12:7:3,85.32,6.02,5.97,0.99,0.10,2.00
492381426, 6/30/2015 12:22:3,86.00,6.03,5.97,0.99,0.11,2.01
493281517, 6/30/2015 12:37:4,86.68,5.99,5.96,1.00,0.07,2.01
494181593, 6/30/2015 12:52:4,88.14,6.07,5.97,0.98,0.13,2.01
495081683, 6/30/2015 13:7:5,88.36,6.01,5.92,0.99,0.12,2.01
495981772, 6/30/2015 13:22:5,87.80,6.01,5.84,0.97,0.16,2.02
496881863, 6/30/2015 13:37:6,88.36,5.99,5.94,0.99,0.10,2.02
497781950, 6/30/2015 13:52:6,90.05,5.99,5.84,0.97,0.15,2.02
498682042, 6/30/2015 14:7:7,88.70,5.97,5.79,0.97,0.16,2.02
499582118, 6/30/2015 14:22:7,88.02,5.96,5.79,0.97,0.16,2.03
500482211, 6/30/2015 14:37:8,87.91,5.85,5.80,0.99,0.09,2.03
501382298, 6/30/2015 14:52:8,88.14,5.90,5.69,0.96,0.17,2.03
502282390, 6/30/2015 15:7:9,88.70,5.91,5.79,0.98,0.14,2.04
503182468, 6/30/2015 15:22:9,87.69,5.81,5.76,0.99,0.09,2.04
504082573, 6/30/2015 15:37:9,87.91,5.88,5.80,0.99,0.11,2.04
504982648, 6/30/2015 15:52:10,86.45,5.86,5.89,0.99,0.00,2.04
505882740, 6/30/2015 16:7:10,86.68,5.94,5.87,0.99,0.10,2.04
506782820, 6/30/2015 16:22:11,87.01,5.83,5.34,0.91,0.25,2.05
507682916, 6/30/2015 16:37:11,87.01,5.73,5.16,0.90,0.26,2.05
508582996, 6/30/2015 16:52:12,86.68,5.91,5.21,0.88,0.29,2.06
509483092, 6/30/2015 17:7:12,86.22,5.77,5.13,0.89,0.27,2.07
510383173, 6/30/2015 17:22:12,86.45,5.82,5.10,0.88,0.29,2.07
511283281, 6/30/2015 17:37:13,85.89,5.78,5.29,0.92,0.24,2.08
512183362, 6/30/2015 17:52:13,86.68,5.81,5.15,0.89,0.28,2.08
513083468, 6/30/2015 18:7:14,86.90,5.72,5.20,0.91,0.25,2.09
513983550, 6/30/2015 18:22:14,86.90,5.75,5.10,0.89,0.27,2.09
514883647, 6/30/2015 18:37:14,85.44,5.72,5.06,0.88,0.27,2.10
515783729, 6/30/2015 18:52:15,87.46,5.72,4.98,0.87,0.29,2.10
516683826, 6/30/2015 19:7:15,85.10,5.77,5.04,0.87,0.29,2.11
517583906, 6/30/2015 19:22:16,85.21,5.72,5.15,0.90,0.26,2.12
518484016, 6/30/2015 19:37:16,85.55,5.65,5.19,0.92,0.23,2.12
519384096, 6/30/2015 19:52:16,86.00,5.65,5.17,0.91,0.24,2.13
520284204, 6/30/2015 20:7:17,83.41,5.66,5.30,0.94,0.21,2.13
521184285, 6/30/2015 20:22:17,82.29,5.68,5.14,0.90,0.25,2.13
522084383, 6/30/2015 20:37:18,80.82,5.64,5.13,0.91,0.24,2.14
522984467, 6/30/2015 20:52:18,80.82,5.65,5.05,0.89,0.26,2.15
523884565, 6/30/2015 21:7:18,79.25,5.69,5.01,0.88,0.28,2.15
524784650, 6/30/2015 21:22:19,77.11,5.55,4.95,0.89,0.26,2.16
525684749, 6/30/2015 21:37:19,75.31,5.62,5.08,0.90,0.25,2.16
526584846, 6/30/2015 21:52:19,76.21,5.60,5.04,0.90,0.25,2.17
527484944, 6/30/2015 22:7:20,74.75,5.50,5.45,0.99,0.09,2.17
528385040, 6/30/2015 22:22:20,73.62,5.50,5.09,0.93,0.22,2.17
529285141, 6/30/2015 22:37:21,73.96,5.47,5.02,0.92,0.22,2.18
530185228, 6/30/2015 22:52:21,73.06,5.49,4.94,0.90,0.24,2.18
531085329, 6/30/2015 23:7:21,71.82,5.49,4.87,0.89,0.26,2.19
531985416, 6/30/2015 23:22:22,70.70,5.49,4.99,0.91,0.23,2.19
532885517, 6/30/2015 23:37:22,70.14,5.55,5.04,0.91,0.24,2.20
533785627, 6/30/2015 23:52:22,69.12,5.40,5.04,0.93,0.20,2.20
534685728, 7/1/2015 0:7:23,68.56,5.45,5.06,0.93,0.21,2.21
535585816, 7/1/2015 0:22:23,67.77,5.36,5.00,0.93,0.20,2.21
536485919, 7/1/2015 0:37:23,68.11,5.26,4.95,0.94,0.18,2.21
537386007, 7/1/2015 0:52:23,67.21,5.23,5.09,0.97,0.12,2.22
538286136, 7/1/2015 1:7:24,66.43,5.34,5.03,0.94,0.19,2.22
539186225, 7/1/2015 1:22:24,66.65,5.28,4.78,0.91,0.22,2.22
540086329, 7/1/2015 1:37:24,66.20,5.29,4.87,0.92,0.21,2.23
540986418, 7/1/2015 1:52:25,65.97,5.31,4.87,0.92,0.21,2.23
541886533, 7/1/2015 2:7:25,63.84,5.37,5.02,0.93,0.20,2.24
542786609, 7/1/2015 2:22:25,65.64,5.37,7.34,0.93,0.00,2.24
543686683, 7/1/2015 2:37:25,65.41,5.42,13.69,0.93,0.00,2.24
544586653, 7/1/2015 2:52:26,64.85,5.42,31.06,0.93,0.00,2.24
545486889, 7/1/2015 3:7:26,64.74,5.34,31.06,0.93,0.00,2.24
546388304, 7/1/2015 3:22:28,63.72,5.25,31.06,0.93,0.00,2.24
547287290, 7/1/2015 3:37:27,63.16,5.19,31.06,0.93,0.00,2.24
548187512, 7/1/2015 3:52:27,63.28,5.14,31.06,0.93,0.00,2.24
549087761, 7/1/2015 4:7:28,62.94,5.16,31.06,0.93,0.00,2.24
549987983, 7/1/2015 4:22:28,62.38,5.16,31.06,0.93,0.00,2.24
550888220, 7/1/2015 4:37:29,61.81,5.19,31.06,0.93,0.00,2.24
551788441, 7/1/2015 4:52:29,62.38,5.24,31.06,0.93,0.00,2.24
552688677, 7/1/2015 5:7:29,62.04,5.25,31.06,0.93,0.00,2.24
553588899, 7/1/2015 5:22:30,60.69,5.28,31.06,0.93,0.00,2.24
554489136, 7/1/2015 5:37:30,60.46,5.24,31.06,0.93,0.00,2.24
555389358, 7/1/2015 5:52:31,60.13,5.26,31.06,0.93,0.00,2.24
556289606, 7/1/2015 6:7:31,63.39,5.15,31.06,0.93,0.00,2.24
557189837, 7/1/2015 6:22:31,63.28,5.18,31.06,0.93,0.00,2.24
558090192, 7/1/2015 6:37:32,65.07,5.19,4.71,0.91,0.21,2.24
558990294, 7/1/2015 6:52:32,65.75,5.24,4.76,0.91,0.22,2.25
559890398, 7/1/2015 7:7:33,68.22,5.20,4.74,0.91,0.21,2.25
560790488, 7/1/2015 7:22:33,69.35,5.15,4.79,0.93,0.19,2.25
561690591, 7/1/2015 7:37:34,70.81,5.24,4.85,0.93,0.20,2.26
562590679, 7/1/2015 7:52:34,72.84,5.18,4.64,0.90,0.23,2.26
563490783, 7/1/2015 8:7:35,73.51,5.20,4.58,0.88,0.24,2.27
564390884, 7/1/2015 8:22:35,75.43,5.16,4.56,0.88,0.23,2.27
565290987, 7/1/2015 8:37:36,76.21,5.14,4.50,0.88,0.24,2.28
566191076, 7/1/2015 8:52:36,77.34,5.12,4.36,0.85,0.26,2.28
567091180, 7/1/2015 9:7:37,78.01,5.15,4.49,0.87,0.24,2.29
567991269, 7/1/2015 9:22:37,78.80,5.10,4.38,0.86,0.25,2.29
568891369, 7/1/2015 9:37:38,79.14,5.17,5.13,0.99,0.07,2.30
569791457, 7/1/2015 9:52:38,80.04,5.16,4.49,0.87,0.25,2.30
570691560, 7/1/2015 10:7:39,80.37,5.02,4.42,0.88,0.23,2.31
571591645, 7/1/2015 10:22:39,81.61,5.06,5.14,0.88,0.00,2.31
572491756, 7/1/2015 10:37:40,82.62,5.11,5.10,1.00,0.04,2.31
573391844, 7/1/2015 10:52:40,83.86,5.04,4.34,0.86,0.24,2.31
574291944, 7/1/2015 11:7:41,85.10,5.12,5.05,0.99,0.09,2.31
575192052, 7/1/2015 11:22:41,87.12,5.00,4.27,0.85,0.25,2.32
576092151, 7/1/2015 11:37:42,88.02,5.08,5.06,1.00,0.04,2.32
576992235, 7/1/2015 11:52:42,87.91,5.00,5.02,1.00,0.00,2.32
577892334, 7/1/2015 12:7:43,88.25,5.07,4.99,0.98,0.10,2.32
578792418, 7/1/2015 12:22:43,88.36,4.94,5.00,0.98,0.00,2.32
579692528, 7/1/2015 12:37:44,89.15,4.97,4.98,0.98,0.00,2.32
580592613, 7/1/2015 12:52:44,90.84,4.94,4.88,0.99,0.08,2.32
581492712, 7/1/2015 13:7:45,91.06,4.93,4.86,0.99,0.09,2.32
582392797, 7/1/2015 13:22:45,93.31,5.00,4.86,0.97,0.12,2.33
583292896, 7/1/2015 13:37:46,93.20,4.93,4.81,0.97,0.11,2.33
584192980, 7/1/2015 13:52:46,92.75,4.95,4.89,0.99,0.08,2.33
585093080, 7/1/2015 14:7:47,91.96,4.99,4.90,0.98,0.10,2.33
585993163, 7/1/2015 14:22:47,92.07,4.95,4.85,0.98,0.10,2.33
586893275, 7/1/2015 14:37:48,92.30,5.00,4.87,0.98,0.11,2.34
587793359, 7/1/2015 14:52:48,91.74,4.92,4.85,0.99,0.09,2.34
588693457, 7/1/2015 15:7:49,91.40,4.95,4.97,0.99,0.00,2.34
589593543, 7/1/2015 15:22:49,91.06,4.88,4.85,0.99,0.06,2.34
590493654, 7/1/2015 15:37:50,91.85,4.91,4.84,0.99,0.09,2.34
591393738, 7/1/2015 15:52:50,91.40,4.92,4.85,0.99,0.09,2.34
592293838, 7/1/2015 16:7:51,91.06,4.93,4.89,0.99,0.07,2.35
593193923, 7/1/2015 16:22:51,90.61,4.93,4.92,1.00,0.04,2.35
594094031, 7/1/2015 16:37:51,91.18,4.86,4.93,1.00,0.00,2.35
594994128, 7/1/2015 16:52:52,89.71,4.81,4.86,1.00,0.00,2.35
595894228, 7/1/2015 17:7:52,89.60,4.80,4.87,1.00,0.00,2.35
596794314, 7/1/2015 17:22:53,89.60,4.86,4.77,0.98,0.09,2.35
597694414, 7/1/2015 17:37:53,88.93,4.81,4.81,0.98,0.00,2.35
598594500, 7/1/2015 17:52:54,88.93,4.83,4.76,0.99,0.08,2.35
599494605, 7/1/2015 18:7:54,89.49,4.76,3.89,0.82,0.25,2.35
600394691, 7/1/2015 18:22:54,89.71,4.73,4.76,0.82,0.00,2.35
601294792, 7/1/2015 18:37:55,89.60,4.84,4.66,0.96,0.13,2.36
602194890, 7/1/2015 18:52:55,90.05,4.87,4.81,0.99,0.08,2.36
603094991, 7/1/2015 19:7:56,88.14,4.84,4.77,0.99,0.08,2.36
603995080, 7/1/2015 19:22:56,88.36,4.82,4.21,0.87,0.22,2.37
604895184, 7/1/2015 19:37:57,88.81,4.84,4.23,0.87,0.22,2.37
605795284, 7/1/2015 19:52:57,88.70,4.81,4.16,0.87,0.22,2.37
606695390, 7/1/2015 20:7:57,86.45,4.77,4.15,0.87,0.22,2.38
607595480, 7/1/2015 20:22:58,83.86,4.81,4.18,0.87,0.22,2.38
608495585, 7/1/2015 20:37:58,82.18,4.84,4.21,0.87,0.22,2.39
609395675, 7/1/2015 20:52:59,81.16,4.81,4.22,0.88,0.22,2.39
610295793, 7/1/2015 21:7:59,81.27,4.81,4.24,0.88,0.21,2.40
611195883, 7/1/2015 21:22:59,80.04,4.81,4.23,0.88,0.21,2.40
612095998, 7/1/2015 21:38:0,79.59,4.75,4.27,0.90,0.20,2.41
612996088, 7/1/2015 21:53:0,80.04,4.73,4.32,0.91,0.18,2.41
613896195, 7/1/2015 22:8:1,79.36,4.73,4.39,0.93,0.17,2.41
614796286, 7/1/2015 22:23:1,75.31,4.70,4.12,0.88,0.21,2.42
615696394, 7/1/2015 22:38:1,75.87,4.72,4.08,0.86,0.22,2.42
616596487, 7/1/2015 22:53:2,74.75,4.67,4.08,0.87,0.21,2.43
617496606, 7/1/2015 23:8:2,75.20,4.66,4.21,0.90,0.19,2.43
618396699, 7/1/2015 23:23:2,73.40,4.62,4.24,0.92,0.17,2.43
619296807, 7/1/2015 23:38:3,73.29,4.50,4.18,0.93,0.16,2.44
620196901, 7/1/2015 23:53:3,72.50,4.50,4.13,0.92,0.16,2.44
621097022, 7/2/2015 0:8:3,71.82,4.49,4.11,0.92,0.17,2.44
621997117, 7/2/2015 0:23:4,70.25,4.54,4.11,0.90,0.18,2.45
622897226, 7/2/2015 0:38:4,69.91,4.63,3.99,0.86,0.21,2.45
623797321, 7/2/2015 0:53:4,70.02,4.57,3.96,0.87,0.21,2.46
624697431, 7/2/2015 1:8:5,70.25,4.54,4.22,0.93,0.16,2.46
625597537, 7/2/2015 1:23:5,68.34,4.68,4.01,0.86,0.22,2.46
626497647, 7/2/2015 1:38:5,68.68,4.59,3.96,0.86,0.21,2.47
627397741, 7/2/2015 1:53:6,67.32,4.62,4.28,0.93,0.16,2.47
628297846, 7/2/2015 2:8:6,67.44,4.52,5.03,0.93,0.00,2.47
629197941, 7/2/2015 2:23:6,67.55,4.58,4.15,0.91,0.18,2.47
630098051, 7/2/2015 2:38:7,66.99,4.50,4.25,0.94,0.14,2.48
630998156, 7/2/2015 2:53:7,66.43,4.52,4.11,0.91,0.17,2.48
631898266, 7/2/2015 3:8:7,65.86,4.56,4.24,0.93,0.16,2.48
632798362, 7/2/2015 3:23:8,65.64,4.36,4.16,0.95,0.12,2.49
633698486, 7/2/2015 3:38:8,65.41,4.41,4.00,0.91,0.17,2.49
634598582, 7/2/2015 3:53:8,65.75,4.44,4.17,0.94,0.14,2.49
635498693, 7/2/2015 4:8:9,65.19,4.48,4.00,0.89,0.18,2.50
636398686, 7/2/2015 4:23:9,64.74,4.39,29.48,0.89,0.00,2.50
637298926, 7/2/2015 4:38:9,63.61,4.40,31.06,0.89,0.00,2.50
638199151, 7/2/2015 4:53:10,63.61,4.40,31.06,0.89,0.00,2.50
639099392, 7/2/2015 5:8:10,63.61,4.35,31.06,0.89,0.00,2.50
639999617, 7/2/2015 5:23:10,63.05,4.36,31.06,0.89,0.00,2.50
640899880, 7/2/2015 5:38:11,63.28,4.42,31.06,0.89,0.00,2.50
641800105, 7/2/2015 5:53:11,63.61,4.39,31.06,0.89,0.00,2.50
642701540, 7/2/2015 6:8:13,66.65,4.34,31.06,0.89,0.00,2.50
643600636, 7/2/2015 6:23:12,66.76,4.41,3.86,0.87,0.19,2.50
644500746, 7/2/2015 6:38:13,66.76,4.44,4.32,0.97,0.10,2.50
645400842, 7/2/2015 6:53:13,69.24,4.31,4.09,0.95,0.13,2.51
646300951, 7/2/2015 7:8:13,70.25,4.43,4.22,0.95,0.13,2.51
647201046, 7/2/2015 7:23:14,72.61,4.41,4.17,0.94,0.14,2.51
648101154, 7/2/2015 7:38:14,73.40,4.54,4.12,0.91,0.18,2.52
649001271, 7/2/2015 7:53:15,73.62,4.52,4.03,0.89,0.19,2.52
649901380, 7/2/2015 8:8:15,75.43,4.54,3.81,0.84,0.22,2.52
650801474, 7/2/2015 8:23:16,76.77,4.45,3.84,0.86,0.20,2.53
651701594, 7/2/2015 8:38:16,78.35,4.54,3.88,0.86,0.21,2.53
652601689, 7/2/2015 8:53:17,78.91,4.54,3.69,0.81,0.23,2.54
653501796, 7/2/2015 9:8:17,79.93,4.54,3.94,0.87,0.20,2.54
654401890, 7/2/2015 9:23:18,80.15,4.57,3.78,0.83,0.23,2.55
655301998, 7/2/2015 9:38:18,80.94,4.50,3.77,0.84,0.22,2.55
656202104, 7/2/2015 9:53:19,81.50,4.48,3.76,0.84,0.22,2.55
657102212, 7/2/2015 10:8:19,82.51,4.47,3.94,0.88,0.19,2.56
658002300, 7/2/2015 10:23:20,83.52,4.39,4.56,0.88,0.00,2.56
658902405, 7/2/2015 10:38:20,84.87,4.43,4.48,0.88,0.00,2.56
659802493, 7/2/2015 10:53:21,85.77,4.43,4.47,0.88,0.00,2.56
660702598, 7/2/2015 11:8:22,86.45,4.34,4.50,0.88,0.00,2.56
661602686, 7/2/2015 11:23:22,87.69,4.35,4.37,0.88,0.00,2.56
662502791, 7/2/2015 11:38:23,88.47,4.35,4.36,0.88,0.00,2.56
663402885, 7/2/2015 11:53:23,89.15,4.33,3.49,0.81,0.22,2.56
664303002, 7/2/2015 12:8:24,90.27,4.27,4.25,0.99,0.05,2.56
665203092, 7/2/2015 12:23:24,91.40,4.26,4.23,0.99,0.05,2.57
666103197, 7/2/2015 12:38:25,91.62,4.32,4.31,1.00,0.04,2.57
667003296, 7/2/2015 12:53:25,92.75,4.29,4.34,1.00,0.00,2.57
667903411, 7/2/2015 13:8:26,93.54,4.33,4.29,0.99,0.06,2.57
668803499, 7/2/2015 13:23:26,94.66,4.26,4.37,0.99,0.00,2.57
669703603, 7/2/2015 13:38:27,95.00,4.18,4.20,0.99,0.00,2.57
670603692, 7/2/2015 13:53:27,95.79,4.09,4.16,0.99,0.00,2.57
671503808, 7/2/2015 14:8:28,94.10,4.18,4.19,0.99,0.00,2.57
672403898, 7/2/2015 14:23:28,93.65,4.12,4.15,0.99,0.00,2.57
673304002, 7/2/2015 14:38:29,93.54,4.16,4.16,0.99,0.00,2.57
674204093, 7/2/2015 14:53:29,93.87,4.07,4.09,0.99,0.00,2.57
675104198, 7/2/2015 15:8:30,94.10,4.18,4.11,0.98,0.07,2.57
676004289, 7/2/2015 15:23:30,92.41,4.15,4.11,0.99,0.06,2.57
676904394, 7/2/2015 15:38:31,92.97,4.12,4.18,0.99,0.00,2.57
677804485, 7/2/2015 15:53:31,92.64,4.05,4.15,0.99,0.00,2.57
678704589, 7/2/2015 16:8:32,90.84,4.18,4.26,0.99,0.00,2.57
679604692, 7/2/2015 16:23:32,91.51,4.01,4.19,0.99,0.00,2.57
680504799, 7/2/2015 16:38:32,89.26,4.08,4.16,0.99,0.00,2.57
681404894, 7/2/2015 16:53:33,88.93,4.01,3.56,0.89,0.16,2.57
682305014, 7/2/2015 17:8:33,88.02,4.10,3.59,0.88,0.17,2.58
683205106, 7/2/2015 17:23:34,89.82,4.04,4.05,0.88,0.00,2.58
684105212, 7/2/2015 17:38:34,90.72,4.03,4.06,0.88,0.00,2.58
685005303, 7/2/2015 17:53:35,90.27,4.01,4.08,0.88,0.00,2.58
685905424, 7/2/2015 18:8:35,89.15,4.00,3.42,0.86,0.17,2.58
686805532, 7/2/2015 18:23:36,87.35,3.92,3.41,0.87,0.16,2.58
687705644, 7/2/2015 18:38:36,86.22,3.95,3.44,0.87,0.16,2.59
688605741, 7/2/2015 18:53:36,85.21,3.90,3.41,0.88,0.16,2.59
689505853, 7/2/2015 19:8:37,84.43,3.89,3.43,0.88,0.15,2.59
690405951, 7/2/2015 19:23:37,83.64,3.89,3.43,0.88,0.15,2.60
691306063, 7/2/2015 19:38:38,83.64,3.85,3.46,0.90,0.14,2.60
692206160, 7/2/2015 19:53:38,86.22,3.85,3.33,0.86,0.16,2.60
693106273, 7/2/2015 20:8:38,83.30,3.88,3.41,0.88,0.15,2.61
694006383, 7/2/2015 20:23:39,82.62,3.81,3.40,0.89,0.14,2.61
694906497, 7/2/2015 20:38:39,82.51,3.87,3.36,0.87,0.16,2.61
695806594, 7/2/2015 20:53:40,82.51,3.88,3.43,0.88,0.15,2.62
696706707, 7/2/2015 21:8:40,81.72,3.86,3.33,0.86,0.16,2.62
697606816, 7/2/2015 21:23:40,80.82,3.90,3.34,0.86,0.17,2.62
698506931, 7/2/2015 21:38:41,79.93,3.84,3.35,0.87,0.16,2.63
699407030, 7/2/2015 21:53:41,78.57,3.90,3.15,0.81,0.19,2.63
700307144, 7/2/2015 22:8:42,77.34,3.79,3.36,0.89,0.14,2.63
701207244, 7/2/2015 22:23:42,76.89,3.70,3.32,0.90,0.13,2.63
702107373, 7/2/2015 22:38:42,76.10,3.70,3.19,0.86,0.15,2.64
703007474, 7/2/2015 22:53:43,75.31,3.70,3.16,0.85,0.16,2.64
703907591, 7/2/2015 23:8:43,74.41,3.70,3.15,0.85,0.16,2.64
704807702, 7/2/2015 23:23:43,73.29,3.67,3.17,0.86,0.15,2.65
705707819, 7/2/2015 23:38:44,72.84,3.74,3.32,0.89,0.14,2.65
706607919, 7/2/2015 23:53:44,72.72,3.70,3.58,0.97,0.08,2.65
707508035, 7/3/2015 0:8:44,71.49,3.64,3.38,0.93,0.11,2.65
708408135, 7/3/2015 0:23:45,71.60,3.69,3.58,0.97,0.08,2.66
709308264, 7/3/2015 0:38:45,71.49,3.71,3.32,0.89,0.14,2.66
710208366, 7/3/2015 0:53:46,70.81,3.67,3.28,0.89,0.14,2.66
711108484, 7/3/2015 1:8:46,69.57,3.64,3.31,0.91,0.12,2.66
712008586, 7/3/2015 1:23:46,69.46,3.59,3.30,0.92,0.12,2.67
712908716, 7/3/2015 1:38:47,68.22,3.56,3.25,0.91,0.12,2.67
713808819, 7/3/2015 1:53:47,68.00,3.58,3.23,0.90,0.13,2.67
714708937, 7/3/2015 2:8:47,68.45,3.61,3.09,0.85,0.15,2.67
715609040, 7/3/2015 2:23:48,68.90,3.60,3.21,0.89,0.13,2.68
716509148, 7/3/2015 2:38:48,68.56,3.53,5.54,0.89,0.00,2.68
717409262, 7/3/2015 2:53:48,67.32,3.55,3.43,0.97,0.08,2.68
718309378, 7/3/2015 3:8:48,66.99,3.53,3.77,0.97,0.00,2.68
719209481, 7/3/2015 3:23:49,66.43,3.55,3.49,0.98,0.05,2.68
720109598, 7/3/2015 3:38:49,66.54,3.52,3.46,0.98,0.05,2.68
721009702, 7/3/2015 3:53:49,65.86,3.41,3.33,0.98,0.06,2.68
721909823, 7/3/2015 4:8:50,64.96,3.49,3.06,0.88,0.13,2.69
722809937, 7/3/2015 4:23:50,65.86,3.43,3.32,0.97,0.07,2.69
723710041, 7/3/2015 4:38:50,63.39,3.48,6.76,0.97,0.00,2.69
724610152, 7/3/2015 4:53:51,63.95,3.41,3.88,0.97,0.00,2.69
725510272, 7/3/2015 5:8:51,64.18,3.44,3.05,0.89,0.13,2.69
726410359, 7/3/2015 5:23:51,64.29,3.48,6.67,0.89,0.00,2.69
727310354, 7/3/2015 5:38:51,64.18,3.44,31.06,0.89,0.00,2.69
728210583, 7/3/2015 5:53:52,64.06,3.39,31.06,0.89,0.00,2.69
729110604, 7/3/2015 6:8:52,65.75,3.42,31.06,0.89,0.00,2.69
730010958, 7/3/2015 6:23:53,67.21,3.39,3.29,0.97,0.07,2.69
730911079, 7/3/2015 6:38:53,68.34,3.43,2.90,0.85,0.14,2.69
731811184, 7/3/2015 6:53:53,68.90,3.45,2.91,0.84,0.14,2.70
732711316, 7/3/2015 7:8:54,68.79,3.47,3.00,0.86,0.14,2.70
733611420, 7/3/2015 7:23:54,71.60,3.43,2.96,0.86,0.14,2.70
734511539, 7/3/2015 7:38:55,72.16,3.51,2.97,0.85,0.15,2.71
735411643, 7/3/2015 7:53:55,73.96,3.48,2.94,0.84,0.14,2.71
736311761, 7/3/2015 8:8:56,74.97,3.43,2.87,0.84,0.14,2.71
737211866, 7/3/2015 8:23:56,76.44,3.48,2.69,0.77,0.16,2.71
738111984, 7/3/2015 8:38:57,77.79,3.43,2.83,0.83,0.15,2.72
739012088, 7/3/2015 8:53:57,78.01,3.37,2.61,0.77,0.16,2.72
739912219, 7/3/2015 9:8:58,79.25,3.49,2.68,0.77,0.17,2.72
740812322, 7/3/2015 9:23:58,79.02,3.40,2.65,0.78,0.16,2.73
741712451, 7/3/2015 9:38:59,80.37,3.38,2.69,0.80,0.15,2.73
742612554, 7/3/2015 9:53:59,81.39,3.41,2.67,0.78,0.16,2.73
743512672, 7/3/2015 10:9:0,82.51,3.38,2.80,0.83,0.14,2.74
744412785, 7/3/2015 10:24:0,82.40,3.38,2.83,0.84,0.14,2.74
745312904, 7/3/2015 10:39:1,83.64,3.37,2.59,0.77,0.16,2.74
746213002, 7/3/2015 10:54:1,85.32,3.30,3.40,0.77,0.00,2.74
747113120, 7/3/2015 11:9:2,85.77,3.32,2.57,0.78,0.15,2.75
748013234, 7/3/2015 11:24:2,86.34,3.26,2.79,0.86,0.13,2.75
748913347, 7/3/2015 11:39:3,88.02,3.31,3.41,0.86,0.00,2.75
749813444, 7/3/2015 11:54:3,88.81,3.32,3.36,0.86,0.00,2.75
750713558, 7/3/2015 12:9:4,89.60,3.28,3.35,0.86,0.00,2.75
751613660, 7/3/2015 12:24:5,91.06,3.30,2.51,0.76,0.15,2.75
